adauga_student_memorie,2026-05-29 07:44:55
adauga_student_memorie,2026-05-29 07:44:55
adauga_student_memorie,2026-05-29 07:44:55
adauga_profesor_memorie,2026-05-29 07:44:55
adauga_profesor_memorie,2026-05-29 07:44:55
adauga_materie_memorie,2026-05-29 07:44:55
acorda_nota,2026-05-29 07:44:55
afiseaza_studenti,2026-05-29 07:44:55
calculeaza_medie_student,2026-05-29 07:44:55
db_create_departament,2026-05-29 07:44:56
db_read_departament,2026-05-29 07:44:56
db_update_departament,2026-05-29 07:44:56
adauga_student_memorie,2026-05-29 07:44:58
adauga_student_memorie,2026-05-29 07:44:58
adauga_student_memorie,2026-05-29 07:44:58
adauga_profesor_memorie,2026-05-29 07:44:58
adauga_profesor_memorie,2026-05-29 07:44:58
adauga_materie_memorie,2026-05-29 07:44:58
acorda_nota,2026-05-29 07:44:58
afiseaza_studenti,2026-05-29 07:44:58
calculeaza_medie_student,2026-05-29 07:44:58
db_create_departament,2026-05-29 07:44:59
db_read_departament,2026-05-29 07:44:59
db_update_departament,2026-05-29 07:44:59
adauga_student_memorie,2026-05-29 07:45:01
adauga_student_memorie,2026-05-29 07:45:01
adauga_student_memorie,2026-05-29 07:45:01
adauga_profesor_memorie,2026-05-29 07:45:01
adauga_profesor_memorie,2026-05-29 07:45:01
adauga_materie_memorie,2026-05-29 07:45:01
acorda_nota,2026-05-29 07:45:01
afiseaza_studenti,2026-05-29 07:45:01
calculeaza_medie_student,2026-05-29 07:45:01
db_create_departament,2026-05-29 07:45:01
db_read_departament,2026-05-29 07:45:01
db_update_departament,2026-05-29 07:45:01
adauga_student_memorie,2026-06-04 17:15:58
adauga_student_memorie,2026-06-04 17:15:58
adauga_student_memorie,2026-06-04 17:15:58
adauga_profesor_memorie,2026-06-04 17:15:58
adauga_profesor_memorie,2026-06-04 17:15:58
adauga_materie_memorie,2026-06-04 17:15:58
acorda_nota,2026-06-04 17:15:58
afiseaza_studenti,2026-06-04 17:15:58
calculeaza_medie_student,2026-06-04 17:15:58
db_create_departament,2026-06-04 17:15:59
db_read_departament,2026-06-04 17:15:59
db_update_departament,2026-06-04 17:15:59
adauga_student_memorie,2026-06-04 17:21:23
adauga_student_memorie,2026-06-04 17:21:23
adauga_student_memorie,2026-06-04 17:21:23
adauga_profesor_memorie,2026-06-04 17:21:23
adauga_profesor_memorie,2026-06-04 17:21:23
adauga_materie_memorie,2026-06-04 17:21:23
acorda_nota,2026-06-04 17:21:23
afiseaza_studenti,2026-06-04 17:21:24
calculeaza_medie_student,2026-06-04 17:21:24
db_create_departament,2026-06-04 17:21:24
db_read_departament,2026-06-04 17:21:24
db_update_departament,2026-06-04 17:21:24
